center_x,center_y,width,height
0.1568048261106014,0.1597738265991211,0.09466875344514845,0.2031005620956421
0.16087637841701505,0.1587245911359787,0.09103888273239134,0.2027057111263275
0.16387369111180305,0.1568675339221954,0.08995889872312544,0.2038072347640991
0.1592757888138294,0.16687864437699315,0.0908360108733177,0.20169805735349655
0.14112430065870285,0.23781248927116394,0.12343160808086395,0.18361657857894895
0.17438767105340955,0.35101425647735596,0.1108908504247665,0.13776439428329465
0.25575193017721176,0.3681375980377197,0.11709846556186675,0.1503147482872009
0.3191530406475067,0.28228285908699036,0.1354541778564453,0.1526126265525818
0.2861429378390312,0.1902199611067772,0.12028218805789945,0.15942968428134915
0.283720001578331,0.18253899738192556,0.11493489146232605,0.1637412682175636
0.28315994143486023,0.19130408763885495,0.11829304695129395,0.1596577763557434
0.28084708750247955,0.19270820543169975,0.12173107266426085,0.1598013415932655
