center_x,center_y,width,height
0.1997825875878334,0.147147037088871,0.0840320438146591,0.21581415832042694
0.19789373129606244,0.14531997591257095,0.0857143551111221,0.2176298350095749
0.18243490159511566,0.19978248700499535,0.10766491293907166,0.20772738009691236
0.1983019486069679,0.31395620852708817,0.10820965468883514,0.142059788107872
0.26351475715637207,0.3580419421195984,0.09842866659164425,0.1700085401535034
0.31884247064590454,0.32620635628700256,0.1254962086677551,0.15695154666900635
0.3452351838350296,0.28033486008644104,0.1396595537662506,0.15609318017959595
0.32942165434360504,0.20093441754579544,0.13141390681266785,0.1830482929944992
0.3231472074985504,0.18716784566640854,0.12490290403366085,0.1940794736146927
0.32526639103889465,0.19680146127939224,0.12396979331970215,0.1928342431783676
0.3241692781448364,0.19396551325917244,0.1223514080047607,0.18551333993673325
0.3207119256258011,0.1911337040364742,0.12150898575782774,0.19009191542863846
