center_x,center_y,width,height
0.1683385595679283,0.18670734018087384,0.0887024849653244,0.22313375771045685
0.1642474941909313,0.1831417381763458,0.08837629109621045,0.2245534062385559
0.1160452365875244,0.2652074471116066,0.1406775116920471,0.20280008018016815
0.1427934095263481,0.3782524913549423,0.1650732308626175,0.15349081158638
0.24981136620044705,0.36817261576652527,0.0863743722438812,0.1073157787322998
0.29909466207027435,0.2872909754514694,0.12566319108009336,0.154206246137619
0.2912290692329407,0.2676997035741806,0.1306643486022949,0.16079506278038025
0.2973114103078842,0.27645527571439743,0.12604346871376035,0.15384544432163236
0.2994338274002075,0.27839887887239456,0.1327894926071167,0.1566120833158493
0.29573042690753937,0.2770696058869362,0.13195738196372986,0.1555110067129135
0.2976660132408142,0.27325376868247986,0.1324923038482666,0.15945279598236084
0.2929580733180046,0.26529867947101593,0.1297618895769119,0.1729539334774017
