center_x,center_y,width,height
0.19033551961183545,0.2215192914009094,0.11669100821018215,0.1174105405807495
0.1916062831878662,0.22482217103242874,0.11685836315155025,0.1171225756406784
0.192819245159626,0.2865123227238655,0.12193475663661955,0.1303044408559799
0.1900561600923538,0.26523828506469727,0.1141078472137451,0.11801588535308835
0.1980849504470825,0.18301376700401306,0.11632722616195675,0.11459121108055115
0.19698301702737805,0.1957636773586273,0.1137481778860092,0.10589993000030515
0.1996711269021034,0.295242503285408,0.11658184230327605,0.13768067955970764
0.19716836512088776,0.26850662380456924,0.1137719452381134,0.1208484023809433
0.2073405161499977,0.18820292502641675,0.11339734494686125,0.11405859887599945
0.2072754055261612,0.2023358643054962,0.106682687997818,0.11405801773071285
0.2071355581283569,0.27812299132347107,0.11485105752944945,0.12370550632476805
0.2035016417503357,0.24306632578372955,0.10982072353363034,0.1150429546833038
