center_x,center_y,width,height
0.1679890900850296,0.1426164247095585,0.0887790024280548,0.1510603055357933
0.1682218760251999,0.13974683359265325,0.0873538553714752,0.1515071615576744
0.1664249449968338,0.1699579767882824,0.08819904923439024,0.14267224818468094
0.1555477753281593,0.2372479885816574,0.0911572128534317,0.1213673651218414
0.14379916340112686,0.32090093195438385,0.1019485145807266,0.1182707846164703
0.1462641432881355,0.3352919816970825,0.1080850213766098,0.1202772855758667
0.17521940171718595,0.3311627358198166,0.104509562253952,0.1229436695575714
0.23507677018642426,0.33194220066070557,0.1025469601154327,0.12235355377197266
0.2771368697285652,0.3325745016336441,0.104914054274559,0.12731578946113584
0.2918702960014343,0.3296068608760834,0.1045359969139099,0.1243123412132263
0.29273057729005814,0.32935404777526855,0.1038054674863815,0.1242917776107788
0.2930997312068939,0.3301788866519928,0.10371893644332884,0.12465375661849976
