center_x,center_y,width,height
0.1407930068671703,0.22814583033323285,0.12944821268320084,0.24894143640995026
0.14573538303375244,0.2322043851017952,0.12922722101211545,0.2491818517446518
0.18266258388757706,0.25139470398426056,0.0616466850042343,0.2650838792324066
0.2492944151163101,0.26277264952659607,0.0798744261264801,0.25068777799606323
0.29698222130537033,0.25382572412490845,0.13015098869800565,0.2691577672958374
0.31025514006614685,0.24944499880075455,0.10109800100326535,0.2714562863111496
0.3205157220363617,0.23611677438020706,0.11005371809005735,0.2687206119298935
0.36400197446346283,0.22976062446832654,0.0451342761516571,0.2668841928243637
0.40330858528614044,0.23621390014886856,0.12181344628334045,0.2681761234998703
0.379691407084465,0.24821075797080994,0.068541020154953,0.2630208134651184
0.37938714027404785,0.2519035264849663,0.07138675451278685,0.254662349820137
0.37380339205265045,0.2483716458082199,0.0706585347652435,0.25285354256629944
