center_x,center_y,width,height
0.3180650770664215,0.19832700118422505,0.1243624687194824,0.18066681176424024
0.3180537521839142,0.1990276128053665,0.12312078475952146,0.17320796847343445
0.29193855822086334,0.19325333461165425,0.12147602438926695,0.17913199216127396
0.22431401908397675,0.1825532503426075,0.1057518422603607,0.1786878928542137
0.16796931251883504,0.1929091475903988,0.11364514380693436,0.1949269250035286
0.17776254564523694,0.22544898092746735,0.11465822160243985,0.1773765981197357
0.2350793331861496,0.2903073877096176,0.11241063475608826,0.15068474411964414
0.2844906374812126,0.34500209987163544,0.1215766221284866,0.15043941140174866
0.28666841983795166,0.36343854665756226,0.1228499412536621,0.14840292930603025
0.24418598413467404,0.36200569570064545,0.12134140729904175,0.1566193401813507
0.193312868475914,0.3645598888397217,0.1226585209369659,0.1495484709739685
0.1636552847921848,0.3618508577346802,0.12615715712308884,0.1526040434837341
