center_x,center_y,width,height
0.260681115090847,0.2638886272907257,0.12587077915668485,0.1550789475440979
0.26510508358478546,0.26457682996988297,0.12136730551719666,0.15551011264324185
0.2718774974346161,0.26707763224840164,0.12057983875274655,0.15346573293209076
0.2408284544944763,0.2625887170433998,0.1232647895812988,0.1572331041097641
0.1808083467185497,0.2691533714532852,0.12786272913217545,0.15261879563331604
0.2072956636548042,0.2996141016483307,0.12110976874828334,0.15717869997024536
0.26927394419908524,0.35358454287052155,0.11656318604946135,0.14953109622001645
0.252328023314476,0.38934609293937683,0.1279843747615814,0.14851051568984985
0.1722441427409649,0.40796495974063873,0.13572166115045545,0.14213857054710385
0.1587757058441639,0.40604524314403534,0.1357627138495445,0.15183523297309875
0.15864230319857595,0.4074788838624954,0.1359194591641426,0.1494435369968414
0.16284842789173126,0.4072380065917969,0.13698235154151914,0.14991557598114014
