center_x,center_y,width,height
0.24235416948795316,0.2060701139271259,0.12470510601997375,0.167208693921566
0.21021994948387146,0.1983933262526989,0.122555673122406,0.17681429535150525
0.14263029396533966,0.20019925385713574,0.12740755081176755,0.1879342049360275
0.11271987855434415,0.21924179792404175,0.13231417536735535,0.18703651428222656
0.1558905839920044,0.268378347158432,0.13365188241004944,0.1653380990028381
0.2276700139045715,0.31910690665245056,0.13592803478240964,0.1599658727645874
0.2574557289481163,0.35844554007053375,0.1387244015932083,0.1594359576702118
0.2295621335506439,0.37305207550525665,0.13719773292541504,0.16304412484169006
0.16413254663348195,0.36834877729415894,0.1383538022637367,0.15266019105911255
0.11806479468941684,0.36921223998069763,0.1465645059943199,0.16171342134475705
0.11421647667884825,0.36967891454696655,0.15167486667633054,0.1607379913330078
0.116707906126976,0.36909912526607513,0.1472685933113098,0.16156134009361264
