center_x,center_y,width,height
0.283306285738945,0.3225236237049103,0.10283192992210385,0.1255130171775818
0.2528141736984253,0.3176271617412567,0.10137724876403804,0.1214768886566162
0.2231866642832756,0.31713661551475525,0.1024446040391922,0.13023412227630615
0.260413222014904,0.3556014150381088,0.10119737684726715,0.11881080269813535
0.28001054376363754,0.36759720742702484,0.10072793066501615,0.12178024649620055
0.24660895019769666,0.3685326427221298,0.080086812376976,0.1125662624835968
0.2256331592798233,0.35588325560092926,0.09274539351463315,0.1243431270122528
0.22383320331573486,0.35292257368564606,0.09233421087265015,0.12392154335975646
0.2249254211783409,0.3519778996706009,0.09330250322818755,0.12281587719917295
0.2255047336220741,0.3508329540491104,0.0924791544675827,0.12140163779258725
0.22600745409727094,0.35038116574287415,0.09329654276371,0.122114360332489
0.22529780119657514,0.34886349737644196,0.09379996359348294,0.12159761786460875
